fid|family_subid_apgiv|family_id_lapgiii|order_apgiv|family|family_zh|family_zh_cn|in_floratw|family_id_apgiv|in_paper
1|1|1|Amborellales|Amborellaceae|無油樟科||f|1|f
2|1|2|Nymphaeales|Hydatellaceae|獨蕊草科||f|2|f
3|1|3|Nymphaeales|Cabombaceae|蓴科|蓴菜科|t|3|t
4|1|4|Nymphaeales|Nymphaeaceae|睡蓮科||t|4|t
5|1|5|Austrobaileyales|Austrobaileyaceae|木蘭藤科||f|5|f
6|1|6|Austrobaileyales|Trimeniaceae|早落瓣科|苞被木科|f|6|f
7|1|7|Austrobaileyales|Schisandraceae|五味子科||t|7|t
8|1|9|Canellales|Canellaceae|白樟科||f|8|f
9|1|10|Canellales|Winteraceae|林仙科||f|9|f
10|1|11|Piperales|Saururaceae|三白草科||t|10|t
11|1|12|Piperales|Piperaceae|胡椒科||t|11|t
12|1|15|Piperales|Aristolochiaceae|馬兜鈴科||t|12|t
13|1|16|Magnoliales|Myristicaceae|肉荳蔻科||t|13|t
14|1|17|Magnoliales|Magnoliaceae|木蘭科||t|14|t
15|1|18|Magnoliales|Degeneriaceae|單心木蘭科||f|15|f
16|1|19|Magnoliales|Himantandraceae|瓣蕊花科||f|16|f
17|1|20|Magnoliales|Eupomatiaceae|帽花木科||f|17|f
18|1|21|Magnoliales|Annonaceae|番荔枝科||t|18|t
19|1|22|Laurales|Calycanthaceae|蠟梅科||f|19|f
20|1|23|Laurales|Siparunaceae|罈罐花科||f|20|f
21|1|24|Laurales|Gomortegaceae|葵樂果科||f|21|f
22|1|25|Laurales|Atherospermataceae|香皮茶科|香皮檫科|f|22|f
23|1|26|Laurales|Hernandiaceae|蓮葉桐科||t|23|t
24|1|27|Laurales|Monimiaceae|杯軸花科|玉盤桂科|f|24|f
25|1|28|Laurales|Lauraceae|樟科||t|25|t
26|1|8|Chloranthales|Chloranthaceae|金粟蘭科||t|26|t
27|1|29|Acorales|Acoraceae|菖蒲科||t|27|t
28|1|30|Alismatales|Araceae|天南星科||t|28|t
29|1|31|Alismatales|Tofieldiaceae|巖菖蒲科|岩菖蒲科|f|29|f
30|1|32|Alismatales|Alismataceae|澤瀉科||t|30|t
31|1|33|Alismatales|Butomaceae|花藺科||f|31|f
32|1|34|Alismatales|Hydrocharitaceae|水鱉科||t|32|t
33|1|35|Alismatales|Scheuchzeriaceae|冰沼草科||f|33|f
34|1|36|Alismatales|Aponogetonaceae|水蕹科||t|34|t
35|1|37|Alismatales|Juncaginaceae|水麥冬科||f|35|f
36|1|1|Alismatales|Maundiaceae|花香蒲科||f|36|f
37|1|38|Alismatales|Zosteraceae|甘藻科||t|37|t
38|1|39|Alismatales|Potamogetonaceae|眼子菜科||t|38|t
39|1|40|Alismatales|Posidoniaceae|海神草科||f|39|f
40|1|41|Alismatales|Ruppiaceae|流蘇菜科|川蔓藻科|t|40|t
41|1|42|Alismatales|Cymodoceaceae|絲粉藻科||t|41|t
42|1|43|Petrosaviales|Petrosaviaceae|櫻井草科||t|42|t
43|1|44|Dioscoreales|Nartheciaceae|沼金花科|沼金花科|t|43|t
44|1|45|Dioscoreales|Burmanniaceae|水玉簪科||t|44|t
45|1|46|Dioscoreales|Dioscoreaceae|薯蕷科||t|45|t
46|1|47|Pandanales|Triuridaceae|霉草科||t|46|t
47|1|48|Pandanales|Velloziaceae|翡若翠科||f|47|f
48|1|49|Pandanales|Stemonaceae|百部科||t|48|t
49|1|50|Pandanales|Cyclanthaceae|巴拿馬草科|環花草科|t|49|t
50|1|51|Pandanales|Pandanaceae|露兜樹科||t|50|t
51|1|52|Liliales|Campynemataceae|一葉草科|翠菱花科|f|51|f
52|1|60|Liliales|Corsiaceae|白玉簪科||f|52|f
53|1|53|Liliales|Melanthiaceae|黑葯花科|藜蘆科|t|53|t
54|1|54|Liliales|Petermanniaceae|花鬚藤科||f|54|f
55|1|55|Liliales|Alstroemeriaceae|扭柄葉科|六出花科|f|55|f
56|1|56|Liliales|Colchicaceae|秋水仙科||t|56|t
57|1|57|Liliales|Philesiaceae|智利花科|金鐘木科|f|57|f
58|1|58|Liliales|Ripogonaceae|無鬚藤科|魚簍藤科|f|58|f
59|1|59|Liliales|Smilacaceae|菝葜科||t|59|t
60|1|61|Liliales|Liliaceae|百合科||t|60|t
61|1|62|Asparagales|Orchidaceae|蘭科||t|61|t
62|1|63|Asparagales|Boryaceae|耐旱草科||f|62|f
63|1|64|Asparagales|Blandfordiaceae|疣毛子科|火鈴花科|f|63|f
64|1|65|Asparagales|Asteliaceae|無柱花科|聚星草科|f|64|f
65|1|66|Asparagales|Lanariaceae|毛石蒜科|雪絨蘭科|f|65|f
66|1|67|Asparagales|Hypoxidaceae|仙茅科||t|66|t
67|1|69|Asparagales|Doryanthaceae|矛纓花科|矛花科|f|67|f
68|1|70|Asparagales|Ixioliriaceae|鳶尾蒜科||f|68|f
69|1|68|Asparagales|Tecophilaeaceae|異蕊草科|藍蒿蓮科|f|69|f
70|1|71|Asparagales|Iridaceae|鳶尾科||t|70|t
71|1|72|Asparagales|Xeronemataceae|血劍草科|鳶尾麻科|f|71|f
72|1|2|Asparagales|Asphodelaceae|阿福花科||t|72|t
73|1|74|Asparagales|Amaryllidaceae|石蒜科||t|73|t
74|1|75|Asparagales|Asparagaceae|天門冬科||t|74|t
75|1|90|Arecales|Dasypogonaceae|毛瓣花科|鼓槌草科|f|75|f
76|1|76|Arecales|Arecaceae|棕櫚科||t|76|t
77|1|77|Commelinales|Hanguanaceae|缽子草科||f|77|f
78|1|78|Commelinales|Commelinaceae|鴨跖草科||t|78|t
79|1|79|Commelinales|Philydraceae|田蔥科||t|79|t
80|1|80|Commelinales|Pontederiaceae|雨久花科||t|80|t
81|1|81|Commelinales|Haemodoraceae|血草科||f|81|f
82|1|82|Zingiberales|Strelitziaceae|旅人蕉科|鶴望蘭科|f|82|f
83|1|83|Zingiberales|Lowiaceae|蘭花蕉科||f|83|f
84|1|84|Zingiberales|Heliconiaceae|蝎尾蕉科||f|84|f
85|1|85|Zingiberales|Musaceae|芭蕉科||t|85|t
86|1|86|Zingiberales|Cannaceae|美人蕉科||t|86|t
87|1|87|Zingiberales|Marantaceae|竹芋科||t|87|t
88|1|88|Zingiberales|Costaceae|閉鞘薑科||t|88|t
89|1|89|Zingiberales|Zingiberaceae|薑科||t|89|t
90|1|91|Poales|Typhaceae|香蒲科||t|90|t
91|1|92|Poales|Bromeliaceae|鳳梨科||t|91|t
92|1|93|Poales|Rapateaceae|澤藺花科||f|92|f
93|1|94|Poales|Xyridaceae|蔥草科|黃眼草科|t|93|t
94|1|95|Poales|Eriocaulaceae|穀精草科||t|94|t
95|1|96|Poales|Mayacaceae|花水蘚科||f|95|f
96|1|97|Poales|Thurniaceae|梭子草科||f|96|f
97|1|98|Poales|Juncaceae|燈心草科||t|97|t
98|1|99|Poales|Cyperaceae|莎草科||t|98|t
99|1|102|Poales|Restionaceae|帚燈草科||f|99|f
100|1|103|Poales|Flagellariaceae|鞭藤科|鬚葉藤科|t|100|t
101|1|104|Poales|Joinvilleaceae|擬葦科||f|101|f
102|1|105|Poales|Ecdeiocoleaceae|溝稈草科||f|102|f
103|1|106|Poales|Poaceae|禾本科||t|103|t
104|1|107|Ceratophyllales|Ceratophyllaceae|金魚藻科||t|104|t
105|1|108|Ranunculales|Eupteleaceae|領春木科||f|105|f
106|1|109|Ranunculales|Papaveraceae|罌粟科||t|106|t
107|1|110|Ranunculales|Circaeasteraceae|星葉草科||f|107|f
108|1|111|Ranunculales|Lardizabalaceae|木通科||f|108|f
109|1|112|Ranunculales|Menispermaceae|防己科||t|109|t
110|1|113|Ranunculales|Berberidaceae|小檗科||t|110|t
111|1|114|Ranunculales|Ranunculaceae|毛茛科||t|111|t
112|1|115|Proteales|Sabiaceae|清風藤科||t|112|t
113|1|116|Proteales|Nelumbonaceae|蓮科||t|113|t
114|1|117|Proteales|Platanaceae|懸鈴木科||f|114|f
115|1|118|Proteales|Proteaceae|山龍眼科||t|115|t
116|1|119|Trochodendrales|Trochodendraceae|昆欄樹科||t|116|t
117|1|121|Buxales|Buxaceae|黃楊科||t|117|t
118|1|122|Gunnerales|Myrothamnaceae|折扇葉科||f|118|f
119|1|123|Gunnerales|Gunneraceae|大葉草科||f|119|f
120|1|124|Dilleniales|Dilleniaceae|第倫桃科|五椪木科|t|120|t
121|1|125|Saxifragales|Peridiscaceae|翼蕊木科|圍盤樹科|f|121|f
122|1|126|Saxifragales|Paeoniaceae|芍藥科||f|122|f
123|1|127|Saxifragales|Altingiaceae|蕈樹科||t|123|t
124|1|128|Saxifragales|Hamamelidaceae|金縷梅科||t|124|t
125|1|129|Saxifragales|Cercidiphyllaceae|連香樹科||f|125|f
126|1|130|Saxifragales|Daphniphyllaceae|虎皮楠科||t|126|t
127|1|131|Saxifragales|Iteaceae|鼠刺科||t|127|t
128|1|132|Saxifragales|Grossulariaceae|茶藨子科||t|128|t
129|1|133|Saxifragales|Saxifragaceae|虎耳草科||t|129|t
130|1|134|Saxifragales|Crassulaceae|景天科||t|130|t
131|1|135|Saxifragales|Aphanopetalaceae|隱瓣藤科||f|131|f
132|1|136|Saxifragales|Tetracarpaeaceae|四果木科||f|132|f
133|1|137|Saxifragales|Penthoraceae|扯根菜科||f|133|f
134|1|138|Saxifragales|Haloragaceae|小二仙草科||t|134|t
135|1|139|Saxifragales|Cynomoriaceae|鎖陽科||f|135|f
136|1|140|Vitales|Vitaceae|葡萄科||t|136|t
137|1|141|Zygophyllales|Krameriaceae|刺球果科||f|137|f
138|1|142|Zygophyllales|Zygophyllaceae|蒺藜科||t|138|t
139|1|143|Fabales|Quillajaceae|皂皮樹科||f|139|f
140|1|144|Fabales|Fabaceae|豆科||t|140|t
141|1|145|Fabales|Surianaceae|海人樹科||t|141|t
142|1|146|Fabales|Polygalaceae|遠志科||t|142|t
143|1|147|Rosales|Rosaceae|薔薇科||t|143|t
144|1|148|Rosales|Barbeyaceae|鉤毛樹科||f|144|f
145|1|149|Rosales|Dirachmaceae|八瓣果科||f|145|f
146|1|150|Rosales|Elaeagnaceae|胡頹子科||t|146|t
147|1|151|Rosales|Rhamnaceae|鼠李科||t|147|t
148|1|152|Rosales|Ulmaceae|榆科||t|148|t
149|1|153|Rosales|Cannabaceae|大麻科||t|149|t
150|1|154|Rosales|Moraceae|桑科||t|150|t
151|1|155|Rosales|Urticaceae|蕁麻科||t|151|t
152|1|156|Fagales|Nothofagaceae|南山毛櫸科||f|152|f
153|1|157|Fagales|Fagaceae|殼斗科||t|153|t
154|1|158|Fagales|Myricaceae|楊梅科||t|154|t
155|1|159|Fagales|Juglandaceae|胡桃科||t|155|t
156|1|160|Fagales|Casuarinaceae|木麻黃科||t|156|t
157|1|161|Fagales|Ticodendraceae|核果樺科||f|157|f
158|1|162|Fagales|Betulaceae|樺木科||t|158|t
159|1|163|Cucurbitales|Apodanthaceae|風生花科||f|159|f
160|1|164|Cucurbitales|Anisophylleaceae|異葉木科||f|160|f
161|1|165|Cucurbitales|Corynocarpaceae|榛果木科|毛利果科|f|161|f
162|1|166|Cucurbitales|Coriariaceae|馬桑科||t|162|t
163|1|167|Cucurbitales|Cucurbitaceae|葫蘆科|葫蘆科|t|163|t
164|1|168|Cucurbitales|Tetramelaceae|四數木科||f|164|f
165|1|169|Cucurbitales|Datiscaceae|疣柱花科|野麻科|f|165|f
166|1|170|Cucurbitales|Begoniaceae|秋海棠科||t|166|t
167|1|171|Celastrales|Lepidobotryaceae|鱗球穗科||f|167|f
168|1|172|Celastrales|Celastraceae|衛矛科||t|168|t
169|1|173|Oxalidales|Huaceae|蒜樹科||f|169|f
170|1|174|Oxalidales|Connaraceae|牛栓藤科||t|170|t
171|1|175|Oxalidales|Oxalidaceae|酢漿草科||t|171|t
172|1|176|Oxalidales|Cunoniaceae|南薔薇科|合椿梅科|f|172|f
173|1|177|Oxalidales|Elaeocarpaceae|杜英科||t|173|t
174|1|178|Oxalidales|Cephalotaceae|囊葉草科|土瓶草科|f|174|f
175|1|179|Oxalidales|Brunelliaceae|槽柱花科||f|175|f
176|1|180|Malpighiales|Pandaceae|簫科|小盤木科|f|176|f
177|1|207|Malpighiales|Irvingiaceae|苞芽樹科|假檬果科|f|177|f
178|1|186|Malpighiales|Ctenolophonaceae|梳狀冠科|泥沱樹科|f|178|f
179|1|181|Malpighiales|Rhizophoraceae|紅樹科||t|179|t
180|1|182|Malpighiales|Erythroxylaceae|古柯科||f|180|f
181|1|187|Malpighiales|Ochnaceae|金蓮木科||f|181|f
182|1|212|Malpighiales|Bonnetiaceae|多籽樹科|澤茶科|f|182|f
183|1|211|Malpighiales|Clusiaceae|藤黃科||t|183|t
184|1|210|Malpighiales|Calophyllaceae|胡桐科||t|184|t
185|1|213|Malpighiales|Podostemaceae|川苔草科||f|185|f
186|1|214|Malpighiales|Hypericaceae|金絲桃科||t|186|t
187|1|205|Malpighiales|Caryocaraceae|油桃木科||f|187|f
188|1|197|Malpighiales|Lophopyxidaceae|五翼果科||f|188|f
189|1|198|Malpighiales|Putranjivaceae|非洲核果木科|核果木科|t|189|t
190|1|185|Malpighiales|Centroplacaceae|扁距木科|安神木科|f|190|f
191|1|190|Malpighiales|Elatinaceae|溝繁縷科||t|191|t
192|1|191|Malpighiales|Malpighiaceae|黃褥花科|金虎尾科|t|192|t
193|1|192|Malpighiales|Balanopaceae|橡實科|橡子木科|f|193|f
194|1|193|Malpighiales|Trigoniaceae|三角果科||f|194|f
195|1|194|Malpighiales|Dichapetalaceae|毒鼠子科||f|195|f
196|1|195|Malpighiales|Euphroniaceae|合絲花科|銀鵑木科|f|196|f
197|1|196|Malpighiales|Chrysobalanaceae|可可李科||t|197|t
198|1|206|Malpighiales|Humiriaceae|樹脂核科|香膏木科|f|198|f
199|1|204|Malpighiales|Achariaceae|脊臍子科|青鐘麻科|f|199|f
200|1|202|Malpighiales|Violaceae|堇菜科||t|200|t
201|1|203|Malpighiales|Goupiaceae|毛葯樹科|尾瓣桂科|f|201|f
202|1|199|Malpighiales|Passifloraceae|西番蓮科||t|202|t
203|1|200|Malpighiales|Lacistemataceae|裂葯花科|荷包柳科|f|203|f
204|1|201|Malpighiales|Salicaceae|楊柳科||t|204|t
205|1|3|Malpighiales|Peraceae|蚌殼木科||f|205|f
206|1|183|Malpighiales|Rafflesiaceae|大花草科||f|206|f
207|1|184|Malpighiales|Euphorbiaceae|大戟科||t|207|t
208|1|208|Malpighiales|Linaceae|亞麻科||t|208|t
209|1|209|Malpighiales|Ixonanthaceae|黏木科||f|209|f
210|1|188|Malpighiales|Picrodendraceae|苦胡桃科|苦皮桐科|f|210|f
211|1|189|Malpighiales|Phyllanthaceae|葉下珠科||t|211|t
212|1|215|Geraniales|Geraniaceae|牻牛兒苗科||t|212|t
213|1|4|Geraniales|Francoaceae|花莖草科||f|213|f
214|1|218|Myrtales|Combretaceae|使君子科||t|214|t
215|1|219|Myrtales|Lythraceae|千屈菜科||t|215|t
216|1|220|Myrtales|Onagraceae|柳葉菜科||t|216|t
217|1|221|Myrtales|Vochysiaceae|萼囊花科||f|217|f
218|1|222|Myrtales|Myrtaceae|桃金孃科||t|218|t
219|1|223|Myrtales|Melastomataceae|野牡丹科||t|219|t
220|1|224|Myrtales|Crypteroniaceae|隱翼木科||f|220|f
221|1|225|Myrtales|Alzateaceae|雙隔果科||f|221|f
222|1|226|Myrtales|Penaeaceae|管萼木科||f|222|f
223|1|227|Crossosomatales|Aphloiaceae|脫皮檀科||f|223|f
224|1|228|Crossosomatales|Geissolomataceae|四稜果科|四輪梅科|f|224|f
225|1|229|Crossosomatales|Strasburgeriaceae|栓皮果科||f|225|f
226|1|230|Crossosomatales|Staphyleaceae|省沽油科||t|226|t
227|1|231|Crossosomatales|Guamatelaceae|南線梅科|馬拉花科|f|227|f
228|1|232|Crossosomatales|Stachyuraceae|旌節花科||t|228|t
229|1|233|Crossosomatales|Crossosomataceae|流蘇子科|纓子木科|f|229|f
230|1|234|Picramniales|Picramniaceae|美洲苦木科||f|230|f
231|1|244|Huerteales|Gerrardinaceae|柳紅苺科||f|231|f
232|1|5|Huerteales|Petenaeaceae|紅毛椴科||f|232|f
233|1|245|Huerteales|Tapisciaceae|癭椒樹科||f|233|f
234|1|246|Huerteales|Dipentodontaceae|十齒花科|十齒花科|t|234|t
235|1|235|Sapindales|Biebersteiniaceae|熏倒牛科||f|235|f
236|1|236|Sapindales|Nitrariaceae|白刺科||f|236|f
237|1|237|Sapindales|Kirkiaceae|稜鏡果科|四合椿科|f|237|f
238|1|238|Sapindales|Burseraceae|橄欖科||f|238|f
239|1|239|Sapindales|Anacardiaceae|漆樹科||t|239|t
240|1|240|Sapindales|Sapindaceae|無患子科||t|240|t
241|1|241|Sapindales|Rutaceae|芸香科||t|241|t
242|1|242|Sapindales|Simaroubaceae|苦木科||t|242|t
243|1|243|Sapindales|Meliaceae|楝科||t|243|t
244|1|247|Malvales|Cytinaceae|簇花科|岩寄生科|f|244|f
245|1|248|Malvales|Muntingiaceae|文定果科||t|245|t
246|1|249|Malvales|Neuradaceae|兩極孔草科|沙莓草科|f|246|f
247|1|250|Malvales|Malvaceae|錦葵科||t|247|t
248|1|251|Malvales|Sphaerosepalaceae|球萼樹科|龍眼茶科|f|248|f
249|1|252|Malvales|Thymelaeaceae|瑞香科||t|249|t
250|1|253|Malvales|Bixaceae|臙脂樹科|紅木科|f|250|f
251|1|255|Malvales|Cistaceae|半日花科||f|251|f
252|1|254|Malvales|Sarcolaenaceae|苞杯花科||f|252|f
253|1|256|Malvales|Dipterocarpaceae|龍腦香科||f|253|f
254|1|257|Brassicales|Akaniaceae|疊珠樹科||t|254|t
255|1|258|Brassicales|Tropaeolaceae|金蓮花科|旱金蓮科|t|255|t
256|1|259|Brassicales|Moringaceae|辣木科||f|256|f
257|1|260|Brassicales|Caricaceae|番木瓜科||t|257|t
258|1|261|Brassicales|Limnanthaceae|沼花科|沼沫花科|f|258|f
259|1|262|Brassicales|Setchellanthaceae|夷白花菜科|青蓮木科|f|259|f
260|1|263|Brassicales|Koeberliniaceae|刺枝木科||f|260|f
261|1|264|Brassicales|Bataceae|肉穗果科||f|261|f
262|1|265|Brassicales|Salvadoraceae|刺茉莉科||f|262|f
263|1|266|Brassicales|Emblingiaceae|澳遠志科||f|263|f
264|1|267|Brassicales|Tovariaceae|鮮芹味科|芹味草科|f|264|f
265|1|268|Brassicales|Pentadiplandraceae|瘤葯花科|忘懷果科|f|265|f
266|1|269|Brassicales|Gyrostemonaceae|環蕊木科||f|266|f
267|1|270|Brassicales|Resedaceae|木樨草科||f|267|f
268|1|271|Brassicales|Capparaceae|山柑科||t|268|t
269|1|272|Brassicales|Cleomaceae|白花菜科|白花菜科|t|269|t
270|1|273|Brassicales|Brassicaceae|十字花科||t|270|t
271|1|274|Berberidopsidales|Aextoxicaceae|毒羊樹科||f|271|f
272|1|275|Berberidopsidales|Berberidopsidaceae|智利藤科|紅珊藤科|f|272|f
273|1|277|Santalales|Olacaceae|鐵青樹科||t|273|t
274|1|278|Santalales|Opiliaceae|山柚科|山柚子科|t|274|t
275|1|276|Santalales|Balanophoraceae|蛇菰科||t|275|t
276|1|279|Santalales|Santalaceae|檀香科||t|276|t
277|1|281|Santalales|Misodendraceae|羽毛果科||f|277|f
278|1|282|Santalales|Schoepfiaceae|青皮木科||t|278|t
279|1|280|Santalales|Loranthaceae|桑寄生科||t|279|t
280|1|283|Caryophyllales|Frankeniaceae|瓣鱗花科||f|280|f
281|1|284|Caryophyllales|Tamaricaceae|檉柳科||t|281|t
282|1|285|Caryophyllales|Plumbaginaceae|藍雪科|白花丹科|t|282|t
283|1|286|Caryophyllales|Polygonaceae|蓼科||t|283|t
284|1|287|Caryophyllales|Droseraceae|茅膏菜科||t|284|t
285|1|288|Caryophyllales|Nepenthaceae|豬籠草科||f|285|f
286|1|289|Caryophyllales|Drosophyllaceae|露葉毛氈苔科|露松科|f|286|f
287|1|290|Caryophyllales|Dioncophyllaceae|雙鉤葉科||f|287|f
288|1|291|Caryophyllales|Ancistrocladaceae|鉤枝藤科||f|288|f
289|1|292|Caryophyllales|Rhabdodendraceae|棒狀木科||f|289|f
290|1|293|Caryophyllales|Simmondsiaceae|荷荷巴科|油蠟樹科|f|290|f
291|1|294|Caryophyllales|Physenaceae|獨子果科|唐松木科|f|291|f
292|1|295|Caryophyllales|Asteropeiaceae|翼萼茶科||f|292|f
293|1|6|Caryophyllales|Macarthuriaceae|燈粟草科||f|293|f
294|1|7|Caryophyllales|Microteaceae|鬼椒草科||f|294|f
295|1|296|Caryophyllales|Caryophyllaceae|石竹科||t|295|t
296|1|297|Caryophyllales|Achatocarpaceae|瑪瑙果科||f|296|f
297|1|298|Caryophyllales|Amaranthaceae|莧科||t|297|t
298|1|299|Caryophyllales|Stegnospermataceae|白籽樹科|鸝眼果科|f|298|f
299|1|300|Caryophyllales|Limeaceae|腺粟草科|麻粟草科|f|299|f
300|1|301|Caryophyllales|Lophiocarpaceae|稜果椒科|黃尾蓬科|f|300|f
301|1|8|Caryophyllales|Kewaceae|蓬粟草科||f|301|f
302|1|302|Caryophyllales|Barbeuiaceae|商葉藤科|商陸藤科|f|302|f
303|1|303|Caryophyllales|Gisekiaceae|吉粟草科|針晶粟草科|f|303|f
304|1|304|Caryophyllales|Aizoaceae|番杏科||t|304|t
305|1|305|Caryophyllales|Phytolaccaceae|商陸科||t|305|t
306|1|9|Caryophyllales|Petiveriaceae|蒜香草科||t|306|t
307|1|306|Caryophyllales|Sarcobataceae|肉刺藜科||f|307|f
308|1|307|Caryophyllales|Nyctaginaceae|紫茉莉科||t|308|t
309|1|308|Caryophyllales|Molluginaceae|粟米草科||t|309|t
310|1|309|Caryophyllales|Montiaceae|水繁縷科|水卷耳科|f|310|f
311|1|310|Caryophyllales|Didiereaceae|刺戟木科||f|311|f
312|1|311|Caryophyllales|Basellaceae|落葵科||t|312|t
313|1|312|Caryophyllales|Halophytaceae|濱藜葉科|南荒蓬科|f|313|f
314|1|313|Caryophyllales|Talinaceae|土人參科||t|314|t
315|1|314|Caryophyllales|Portulacaceae|馬齒莧科||t|315|t
316|1|315|Caryophyllales|Anacampserotaceae|回歡草科||f|316|f
317|1|316|Caryophyllales|Cactaceae|仙人掌科||t|317|t
318|1|10|Cornales|Nyssaceae|珙桐科||t|318|t
319|1|317|Cornales|Hydrostachyaceae|水穗草科||f|319|f
320|1|321|Cornales|Hydrangeaceae|八仙花科|繡球科|t|320|t
321|1|322|Cornales|Loasaceae|刺蓮花科||f|321|f
322|1|318|Cornales|Curtisiaceae|南非茱萸科|铩木科|f|322|f
323|1|319|Cornales|Grubbiaceae|毛盤花科|愚人莓科|f|323|f
324|1|320|Cornales|Cornaceae|山茱萸科||t|324|t
325|1|323|Ericales|Balsaminaceae|鳳仙花科||t|325|t
326|1|324|Ericales|Marcgraviaceae|蜜囊花科||f|326|f
327|1|325|Ericales|Tetrameristaceae|四出花科|四貴木科|f|327|f
328|1|326|Ericales|Fouquieriaceae|福桂花科|福桂樹科|f|328|f
329|1|327|Ericales|Polemoniaceae|花荵科||t|329|t
330|1|328|Ericales|Lecythidaceae|玉蕊科||t|330|t
331|1|329|Ericales|Sladeniaceae|肋果茶科||f|331|f
332|1|330|Ericales|Pentaphylacaceae|五列木科||t|332|t
333|1|331|Ericales|Sapotaceae|山欖科||t|333|t
334|1|332|Ericales|Ebenaceae|柿樹科||t|334|t
335|1|333|Ericales|Primulaceae|報春花科|報春花科|t|335|t
336|1|334|Ericales|Theaceae|茶科|山茶科|t|336|t
337|1|335|Ericales|Symplocaceae|灰木科|山礬科|t|337|t
338|1|336|Ericales|Diapensiaceae|岩梅科||t|338|t
339|1|337|Ericales|Styracaceae|安息香科||t|339|t
340|1|338|Ericales|Sarraceniaceae|瓶子草科||f|340|f
341|1|339|Ericales|Roridulaceae|捕蟲木科||f|341|f
342|1|340|Ericales|Actinidiaceae|獼猴桃科||t|342|t
343|1|341|Ericales|Clethraceae|山柳科|榿葉樹科|f|343|f
344|1|342|Ericales|Cyrillaceae|鞣木科||f|344|f
345|1|343|Ericales|Mitrastemonaceae|奴草科|帽蕊草科|t|345|t
346|1|344|Ericales|Ericaceae|杜鵑花科|杜鵑花科|t|346|t
347|1|345|Icacinales|Oncothecaceae|鉤葯茶科||f|347|f
348|1|347|Icacinales|Icacinaceae|茶茱萸科||t|348|t
349|1|346|Metteniusales|Metteniusaceae|念珠葯科|水螅花科|f|349|f
350|1|348|Garryales|Eucommiaceae|杜仲科||f|350|f
351|1|349|Garryales|Garryaceae|絲纓花科||t|351|t
352|1|350|Gentianales|Rubiaceae|茜草科||t|352|t
353|1|351|Gentianales|Gentianaceae|龍膽科||t|353|t
354|1|352|Gentianales|Loganiaceae|馬錢科||t|354|t
355|1|353|Gentianales|Gelsemiaceae|鉤吻科||f|355|f
356|1|354|Gentianales|Apocynaceae|夾竹桃科||t|356|t
357|9|356|Boraginales|Lennoaceae|蓋裂寄生科||f|357I|f
357|8|356|Boraginales|Hydrophyllaceae|水葉草科||f|357H|f
357|7|356|Boraginales|Hoplestigmataceae|單柱花科||f|357G|f
357|3|356|Boraginales|Coldeniaceae|生果草科||t|357B|t
357|6|356|Boraginales|Heliotropiaceae|天芹菜科||t|357E|t
357|1|356|Boraginales|Boraginaceae|紫草科||t|357|t
357|4|356|Boraginales|Cordiaceae|破布子科||t|357C|t
357|5|356|Boraginales|Ehretiaceae|厚殼樹科||t|357D|t
357|11|356|Boraginales|Wellstediaceae|蒴紫草科||f|357K|f
357|10|356|Boraginales|Namaceae|壺斗花科||f|357J|f
357|2|356|Boraginales|Codonaceae|刺鐘花科||f|357F|f
358|1|355|Vahliales|Vahliaceae|二歧草科|黃漆姑科|f|358|f
359|1|357|Solanales|Convolvulaceae|旋花科||t|359|t
360|1|358|Solanales|Solanaceae|茄科||t|360|t
361|1|359|Solanales|Montiniaceae|扁子木科|瓶頭梅科|f|361|f
362|1|360|Solanales|Sphenocleaceae|密穗桔梗科|楔瓣花科|t|362|t
363|1|361|Solanales|Hydroleaceae|田基麻科|田基麻科|t|363|t
364|1|362|Lamiales|Plocospermataceae|毛子樹科|戴纓木科|f|364|f
365|1|363|Lamiales|Carlemanniaceae|香茜科||f|365|f
366|1|364|Lamiales|Oleaceae|木犀科|木樨科|t|366|t
367|1|365|Lamiales|Tetrachondraceae|四核香科||f|367|f
368|1|366|Lamiales|Calceolariaceae|蒲包花科|荷包花科|f|368|f
369|1|367|Lamiales|Gesneriaceae|苦苣苔科||t|369|t
370|1|368|Lamiales|Plantaginaceae|車前科||t|370|t
371|1|369|Lamiales|Scrophulariaceae|玄參科||t|371|t
372|1|370|Lamiales|Stilbaceae|細密葉科|耀仙木科|f|372|f
373|1|371|Lamiales|Linderniaceae|母草科||t|373|t
374|1|383|Lamiales|Byblidaceae|二型腺毛科|腺毛草科|f|374|f
375|1|384|Lamiales|Martyniaceae|角胡麻科||f|375|f
376|1|372|Lamiales|Pedaliaceae|胡麻科|芝麻科|t|376|t
377|1|378|Lamiales|Acanthaceae|爵床科||t|377|t
378|1|379|Lamiales|Bignoniaceae|紫葳科||t|378|t
379|1|377|Lamiales|Lentibulariaceae|狸藻科||t|379|t
380|1|381|Lamiales|Schlegeliaceae|夷地黃科|鐘萼桐科|f|380|f
381|1|380|Lamiales|Thomandersiaceae|非洲爵床科|猩猩茶科|f|381|f
382|1|382|Lamiales|Verbenaceae|馬鞭草科||t|382|t
383|1|373|Lamiales|Lamiaceae|唇形科||t|383|t
384|1|11|Lamiales|Mazaceae|通泉草科||t|384|t
385|1|374|Lamiales|Phrymaceae|蠅毒草科||t|385|t
386|1|375|Lamiales|Paulowniaceae|泡桐科||t|386|t
387|1|376|Lamiales|Orobanchaceae|列當科||t|387|t
388|1|385|Aquifoliales|Stemonuraceae|金檀木科|粗絲木科|t|388|t
389|1|386|Aquifoliales|Cardiopteridaceae|心翼果科||t|389|t
390|1|387|Aquifoliales|Phyllonomaceae|葉頂花科||f|390|f
391|1|388|Aquifoliales|Helwingiaceae|青莢葉科||t|391|t
392|1|389|Aquifoliales|Aquifoliaceae|冬青科||t|392|t
393|1|390|Asterales|Rousseaceae|毛島藤灌科|守宮花科|f|393|f
394|1|391|Asterales|Campanulaceae|桔梗科||t|394|t
395|1|392|Asterales|Pentaphragmataceae|五膜草科||f|395|f
396|1|393|Asterales|Stylidiaceae|花柱草科||f|396|f
397|1|394|Asterales|Alseuosmiaceae|島海桐科||f|397|f
398|1|395|Asterales|Phellinaceae|新冬青科||f|398|f
399|1|396|Asterales|Argophyllaceae|雪葉木科||f|399|f
400|1|397|Asterales|Menyanthaceae|睡菜科||t|400|t
401|1|398|Asterales|Goodeniaceae|草海桐科||t|401|t
402|1|399|Asterales|Calyceraceae|萼角花科||f|402|f
403|1|400|Asterales|Asteraceae|菊科||t|403|t
404|1|401|Escalloniales|Escalloniaceae|吊片果科|南鼠刺科|f|404|f
405|1|402|Bruniales|Columelliaceae|彎葯樹科||f|405|f
406|1|403|Bruniales|Bruniaceae|鱗葉樹科|絨球花科|f|406|f
407|1|404|Paracryphiales|Paracryphiaceae|盔瓣花科|盔被花科|f|407|f
408|1|405|Dipsacales|Adoxaceae|五福花科||t|408|t
409|1|406|Dipsacales|Caprifoliaceae|忍冬科||t|409|t
410|1|407|Apiales|Pennantiaceae|澳茱萸科|毛柴木科|f|410|f
411|1|408|Apiales|Torricelliaceae|鞘柄木科||f|411|f
412|1|409|Apiales|Griseliniaceae|南茱萸科|南茱萸科|f|412|f
413|1|410|Apiales|Pittosporaceae|海桐科||t|413|t
414|1|411|Apiales|Araliaceae|五加科||t|414|t
415|1|412|Apiales|Myodocarpaceae|裂果楓科||f|415|f
416|1|413|Apiales|Apiaceae|繖形科||t|416|t
